iter	RMSE
0	148.8933848
1	116.8908915
2	95.54706287
3	80.77696088
4	69.4831626
5	60.79472229
6	55.90344211
7	50.08026941
8	46.13684958
9	42.05839361
